block,row,dir,set,tta,status,n,mae,rmse,rho_pooled,rms_s_over_rmse,picp_1s,picp_2s,picp_3s,mean_E,se_E,max_E,n_claimable,true_col
surrogate,deployed v2 (reference; #4 TTA),tta_deployed,test,off,done,272,0.005442178342491388,0.006913483142852783,0.7005626693997438,1.003098152087698,0.6507352941176471,0.9522058823529411,0.9963235294117647,,,,,
surrogate,deployed v2 (reference; #4 TTA),tta_deployed,test,on,done,272,0.005442476365715265,0.006912258919328451,0.7011556636391594,1.005287267288392,0.6507352941176471,0.9522058823529411,0.9963235294117647,,,,,
surrogate,#8 NLL + shared splits,kfold_off,test,off,done,272,0.005264889448881149,0.006702272687107325,0.7057228879449331,1.02479097334743,0.6727941176470589,0.9558823529411765,1.0,,,,,
surrogate,#8 NLL + shared splits,kfold_off,test,on,done,272,0.005287302657961845,0.006715970579534769,0.6937292820470975,1.0273193081030618,0.6691176470588235,0.9595588235294118,1.0,,,,,
surrogate,#9 SmoothL1 + k-fold,smoothl1_kfold,test,off,done,272,0.005409155506640673,0.006819618865847588,0.6852127889601141,0.24334992372833905,0.20955882352941177,0.3382352941176471,0.46691176470588236,,,,,
surrogate,#9 SmoothL1 + k-fold,smoothl1_kfold,test,on,done,272,0.005414593033492565,0.006822217721492052,0.6935257248101562,0.21035063681005306,0.17279411764705882,0.3125,0.41544117647058826,,,,,
surrogate,#9 SmoothL1 + shared,smoothl1_shared,test,off,done,272,0.005304294638335705,0.006692779716104269,0.6974295842224612,0.2587754089629355,0.19852941176470587,0.375,0.4963235294117647,,,,,
surrogate,#9 SmoothL1 + shared,smoothl1_shared,test,on,done,272,0.005318751093000174,0.006711609195917845,0.6986118549884824,0.21856192202203126,0.15808823529411764,0.3272058823529412,0.4375,,,,,
surrogate,#10 D4 train-aug off,augment_off,test,off,done,272,0.005992445163428783,0.007565153297036886,0.626356006704247,0.9999450327689026,0.6544117647058824,0.9595588235294118,1.0,,,,,
surrogate,#10 D4 train-aug off,augment_off,test,on,done,272,0.006111853290349245,0.0078078629449009895,0.6207476044906044,1.0104580009444597,0.7022058823529411,0.9558823529411765,1.0,,,,,
surrogate,#11 FFT channel off,fft_off,test,off,done,272,0.006253683473914862,0.0077898139134049416,0.5592961412600937,1.1035354160307758,0.7279411764705882,0.9632352941176471,1.0,,,,,
surrogate,#11 FFT channel off,fft_off,test,on,done,272,0.006286324001848698,0.007787934970110655,0.5644929173145802,1.108401746591206,0.7169117647058824,0.9632352941176471,1.0,,,,,
surrogate,#12 naive split (own test set),naive_split,test,off,done,272,0.005572716239839792,0.007031671237200499,0.598333458242571,0.9710983133624482,0.6617647058823529,0.9485294117647058,0.9963235294117647,,,,,
surrogate,#12 naive split (own test set),naive_split,test,on,done,272,0.005569627974182367,0.007032549474388361,0.591835722819947,0.975462785929414,0.6654411764705882,0.9485294117647058,0.9963235294117647,,,,,
surrogate,#13 ensemble k=1 (shared),ens_k1,test,off,done,272,0.005981259513646364,0.007588590960949659,0.6116174519911884,1.1042364943123855,0.7022058823529411,0.9816176470588235,1.0,,,,,
surrogate,#13 ensemble k=1 (shared),ens_k1,test,on,done,272,0.006006635259836912,0.007614020723849535,0.6183281762362871,1.1027679372221306,0.7022058823529411,0.9742647058823529,1.0,,,,,
surrogate,#13 ensemble k=3 (shared),ens_k3,test,off,done,272,0.0052077630534768105,0.006694365758448839,0.6954071908104644,0.9719661344872347,0.6617647058823529,0.9485294117647058,1.0,,,,,
surrogate,#13 ensemble k=3 (shared),ens_k3,test,on,done,272,0.005273968912661076,0.006720819044858217,0.6959891697835037,0.9777376594184558,0.6433823529411765,0.9485294117647058,1.0,,,,,
surrogate,#14 raster 256 px,raster256,test,off,done,272,0.00602347357198596,0.007779205683618784,0.608057184233541,1.023694104239884,0.6654411764705882,0.9632352941176471,0.9963235294117647,,,,,
surrogate,#14 raster 256 px,raster256,test,on,done,272,0.006029951386153698,0.0077643562108278275,0.6192874101972512,1.026697168760527,0.6691176470588235,0.9632352941176471,0.9963235294117647,,,,,
surrogate,#16 circular pad + shift aug,circular_shift,test,off,done,272,0.00573906023055315,0.007318535819649696,0.6470334164105791,1.0187498616098458,0.6691176470588235,0.9669117647058824,0.9963235294117647,,,,,
surrogate,#16 circular pad + shift aug,circular_shift,test,on,done,272,0.005702281836420298,0.007301133591681719,0.6555995186102975,1.0219840277465524,0.6691176470588235,0.9669117647058824,0.9963235294117647,,,,,
surrogate,"#16b circular, retuned (260-trial sweep)",circular_retune/final,test,off,done,272,0.005800935439765453,0.007347703445702791,0.6601081139388143,1.146899821047789,0.7389705882352942,0.9816176470588235,1.0,,,,,
surrogate,"#16b circular, retuned (260-trial sweep)",circular_retune/final,test,on,done,272,0.0057628462091088295,0.0073069240897893906,0.6665585245659457,1.1571588439601057,0.7316176470588235,0.9779411764705882,1.0,,,,,
surrogate,#18 no attention,attn_none,test,off,done,272,0.00554031552746892,0.00707296933978796,0.678537801530255,0.9848404308198663,0.6507352941176471,0.9485294117647058,0.9963235294117647,,,,,
surrogate,#18 no attention,attn_none,test,on,done,272,0.005553122144192457,0.0070844064466655254,0.6805937044842185,0.9841798616728783,0.6433823529411765,0.9522058823529411,0.9963235294117647,,,,,
surrogate,#19 CBAM,attn_cbam,test,off,done,272,0.005903234239667654,0.0074476636946201324,0.6376802676622836,1.1006115144078907,0.6985294117647058,0.9669117647058824,1.0,,,,,
surrogate,#19 CBAM,attn_cbam,test,on,done,272,0.005842789076268673,0.007408063858747482,0.6383570354249647,1.114239784329275,0.7022058823529411,0.9705882352941176,1.0,,,,,
surrogate,#20 ECA,attn_eca,test,off,done,272,0.005615898873656988,0.0070825787261128426,0.6599344406352463,1.1207006939377326,0.7058823529411765,0.9632352941176471,1.0,,,,,
surrogate,#20 ECA,attn_eca,test,on,done,272,0.005584264639765024,0.007058999966830015,0.6652119151450444,1.1254037924579494,0.7058823529411765,0.9669117647058824,1.0,,,,,
surrogate,#21 self-attn (all blocks),attn_sa,test,off,done,272,0.006659576203674078,0.008482648991048336,0.49883682541355323,1.072586549994922,0.7132352941176471,0.9669117647058824,1.0,,,,,
surrogate,#21 self-attn (all blocks),attn_sa,test,on,done,272,0.006693209987133741,0.008510743267834187,0.4875238662683459,1.0725767401325907,0.7132352941176471,0.9669117647058824,1.0,,,,,
surrogate,#22 recon multi-task,recon_mtl,test,off,done,272,0.005471166223287582,0.006879442371428013,0.6912293558441801,0.9870078769471533,0.6470588235294118,0.9485294117647058,0.9963235294117647,,,,,
surrogate,#22 recon multi-task,recon_mtl,test,on,done,272,0.005463034845888615,0.006879339925944805,0.7023399923469356,0.9902423769415979,0.6507352941176471,0.9485294117647058,0.9963235294117647,,,,,
surrogate,#23 structure factor only,fft_only,test,off,done,272,0.005781583022326231,0.007403970696032047,0.6641740896601123,0.9636484643368332,0.6617647058823529,0.9448529411764706,0.9963235294117647,,,,,
surrogate,#23 structure factor only,fft_only,test,on,done,272,0.005807745270431042,0.007437068969011307,0.6590367659301483,0.963009041897481,0.6654411764705882,0.9485294117647058,0.9963235294117647,,,,,
surrogate,#24 self-attn (stage 4 only),attn_sa4,test,off,done,272,0.005940438248217106,0.00757093820720911,0.6382728590622161,1.1458878100799916,0.7205882352941176,0.9742647058823529,1.0,,,,,
surrogate,#24 self-attn (stage 4 only),attn_sa4,test,on,done,272,0.005883853416889906,0.007464704569429159,0.6457331901806382,1.1789522000512653,0.7389705882352942,0.9816176470588235,1.0,,,,,
surrogate,#25 replicate (init seeds +1000),seed_rep1,test,off,done,272,0.005388112738728523,0.0068246047012507915,0.6918924240521513,1.0021845385083934,0.6617647058823529,0.9595588235294118,0.9963235294117647,,,,,
surrogate,#25 replicate (init seeds +1000),seed_rep1,test,on,done,272,0.005351545289158821,0.006804592441767454,0.6925949634654787,1.0069858851355231,0.6580882352941176,0.9558823529411765,0.9963235294117647,,,,,
surrogate,#25 replicate (init seeds +2000),seed_rep2,test,off,done,272,0.005540594458580017,0.006990726105868816,0.6742176268876209,0.9977446083156203,0.6654411764705882,0.9485294117647058,0.9963235294117647,,,,,
surrogate,#25 replicate (init seeds +2000),seed_rep2,test,on,done,272,0.005556908436119556,0.007023949176073074,0.6799072527969815,0.993896902481441,0.6617647058823529,0.9522058823529411,0.9963235294117647,,,,,
surrogate,#15 cell holdout (jitter_s0125),holdout_jitter_s0125,holdout_jitter_s0125,off,done,155,0.005623199045658112,0.007039541844278574,0.6730140826915021,1.068471878677285,0.7096774193548387,0.9741935483870968,1.0,,,,,
surrogate,#15 cell holdout (jitter_s0125),holdout_jitter_s0125,holdout_jitter_s0125,on,done,155,0.0055586169473826885,0.0069608003832399845,0.6841577777061648,1.0846192569609527,0.7354838709677419,0.9741935483870968,0.9935483870967742,,,,,
surrogate,#15 cell holdout (jitter_s0125),holdout_jitter_s0125,test,off,done,257,0.005496841389685869,0.006991479080170393,0.6769220787564743,0.9699581466392195,0.6614785992217899,0.9455252918287937,0.9961089494163424,,,,,
surrogate,#15 cell holdout (jitter_s0125),holdout_jitter_s0125,test,on,done,257,0.005449462216347456,0.006943971384316683,0.6829381137147579,0.9798931938668454,0.6653696498054474,0.9455252918287937,0.9961089494163424,,,,,
fdtd,production LCB k=0.2 (jitter_s015),,,,done,20,,,,,,,,2.647203,0.0025276935711184825,2.66753,20,true_E60
fdtd,#5 kappa=0 (jitter_s015),,,,done,20,,,,,,,,2.65025,0.002014026472412647,2.66183,20,true_E60
fdtd,#26 screen-only (jitter_s015),,,,done,20,,,,,,,,2.6171265,0.001340282035323358,2.62959,17,true_E60
fdtd,#7 single member (jitter_s015),,,,done,20,,,,,,,,2.6492895,0.0014837770926006172,2.6636,20,true_E60
fdtd,#6 random (jitter_s006),,,,done,20,,,,,,,,2.6127745,0.0018959765536802591,2.62416,2,true_E60
fdtd,    optimizer ref (jitter_s006),,,,done,20,,,,,,,,2.6392965000000004,0.0015177945001668945,2.65079,20,true_E60
fdtd,#6 random (jitter_s008),,,,done,20,,,,,,,,2.623532,0.0017968443976799089,2.63413,2,true_E60
fdtd,    optimizer ref (jitter_s008),,,,done,20,,,,,,,,2.6480919999999997,0.0017192165596420397,2.66569,20,true_E60
fdtd,#6 random (jitter_s010),,,,done,20,,,,,,,,2.618894,0.0021441080098480994,2.63511,3,true_E60
fdtd,    optimizer ref (jitter_s010),,,,done,20,,,,,,,,2.6481985,0.0018398345570644075,2.66264,20,true_E60
fdtd,#6 random (jitter_s0125),,,,done,20,,,,,,,,2.6148239999999996,0.002040329359377267,2.62746,5,true_E60
fdtd,    optimizer ref (jitter_s0125),,,,done,20,,,,,,,,2.645033,0.0016782467511944593,2.66086,20,true_E60
fdtd,#6 random (jitter_s015),,,,done,20,,,,,,,,2.602852,0.002086657942361673,2.62142,2,true_E60
fdtd,    optimizer ref (jitter_s015),,,,done,20,,,,,,,,2.647203,0.0025276935711184825,2.66753,20,true_E60
fdtd,#6 random (radius_s015),,,,done,20,,,,,,,,2.6008629999999995,0.00182923525867478,2.61616,4,true_E60
fdtd,    optimizer ref (radius_s015),,,,done,20,,,,,,,,2.648556,0.0008033762309286084,2.65471,20,true_E60
fdtd,#6 random (radius_s020),,,,done,20,,,,,,,,2.6033595000000003,0.0019560059297886686,2.61919,6,true_E60
fdtd,    optimizer ref (radius_s020),,,,done,20,,,,,,,,2.6509544999999997,0.0015711367783601074,2.66399,20,true_E60
fdtd,#6 random (radius_s025),,,,done,20,,,,,,,,2.5922345,0.0026515897391445804,2.62152,6,true_E60
fdtd,    optimizer ref (radius_s025),,,,done,20,,,,,,,,2.6443305,0.0017982013637901678,2.65644,20,true_E60
