generation,cell,method,true_E60,gain_vs_cell_mean_pct,verdict
v1,jitter_s006,cmaes,2.63406,0.692,CLAIMABLE
v1,jitter_s006,cmaes,2.62796,0.459,CLAIMABLE
v1,jitter_s006,cmaes,2.631,0.575,CLAIMABLE
v1,jitter_s006,cmaes,2.62827,0.471,CLAIMABLE
v1,jitter_s006,cmaes,2.63484,0.722,CLAIMABLE
v1,jitter_s006,cmaes,2.63452,0.71,CLAIMABLE
v1,jitter_s006,cmaes,2.63556,0.75,CLAIMABLE
v1,jitter_s006,cmaes,2.62984,0.531,CLAIMABLE
v1,jitter_s006,cmaes,2.64277,1.025,CLAIMABLE
v1,jitter_s006,cmaes,2.63038,0.552,CLAIMABLE
v1,jitter_s006,cmaes,2.62562,0.369,CLAIMABLE
v1,jitter_s006,gradient,2.63171,0.602,CLAIMABLE
v1,jitter_s006,cmaes,2.63878,0.872,CLAIMABLE
v1,jitter_s006,gradient,2.63162,0.599,CLAIMABLE
v1,jitter_s006,gradient,2.62945,0.516,CLAIMABLE
v1,jitter_s006,gradient,2.62831,0.472,CLAIMABLE
v1,jitter_s006,gradient,2.63352,0.671,CLAIMABLE
v1,jitter_s006,gradient,2.63818,0.85,CLAIMABLE
v1,jitter_s006,gradient,2.63613,0.771,CLAIMABLE
v1,jitter_s006,gradient,2.63211,0.618,CLAIMABLE
v1,jitter_s008,cmaes,2.63892,0.571,CLAIMABLE
v1,jitter_s008,cmaes,2.6457,0.83,CLAIMABLE
v1,jitter_s008,cmaes,2.64681,0.872,CLAIMABLE
v1,jitter_s008,cmaes,2.63453,0.404,CLAIMABLE
v1,jitter_s008,cmaes,2.65485,1.178,CLAIMABLE
v1,jitter_s008,cmaes,2.63766,0.523,CLAIMABLE
v1,jitter_s008,cmaes,2.64763,0.903,CLAIMABLE
v1,jitter_s008,cmaes,2.63744,0.515,CLAIMABLE
v1,jitter_s008,cmaes,2.641,0.651,CLAIMABLE
v1,jitter_s008,cmaes,2.65249,1.088,CLAIMABLE
v1,jitter_s008,cmaes,2.63595,0.458,CLAIMABLE
v1,jitter_s008,cmaes,2.63868,0.562,CLAIMABLE
v1,jitter_s008,gradient,2.64316,0.733,CLAIMABLE
v1,jitter_s008,gradient,2.65452,1.166,CLAIMABLE
v1,jitter_s008,gradient,2.63639,0.475,CLAIMABLE
v1,jitter_s008,gradient,2.63473,0.412,CLAIMABLE
v1,jitter_s008,gradient,2.64431,0.777,CLAIMABLE
v1,jitter_s008,gradient,2.64225,0.698,CLAIMABLE
v1,jitter_s008,gradient,2.65032,1.006,CLAIMABLE
v1,jitter_s008,gradient,2.6485,0.937,CLAIMABLE
v1,jitter_s010,cmaes,2.64439,0.9,CLAIMABLE
v1,jitter_s010,cmaes,2.64284,0.841,CLAIMABLE
v1,jitter_s010,cmaes,2.64729,1.011,CLAIMABLE
v1,jitter_s010,cmaes,2.64486,0.918,CLAIMABLE
v1,jitter_s010,cmaes,2.64876,1.067,CLAIMABLE
v1,jitter_s010,cmaes,2.65973,1.486,CLAIMABLE
v1,jitter_s010,cmaes,2.65514,1.311,CLAIMABLE
v1,jitter_s010,cmaes,2.64351,0.867,CLAIMABLE
v1,jitter_s010,cmaes,2.65046,1.132,CLAIMABLE
v1,jitter_s010,cmaes,2.64029,0.744,CLAIMABLE
v1,jitter_s010,cmaes,2.64463,0.91,CLAIMABLE
v1,jitter_s010,cmaes,2.64338,0.862,CLAIMABLE
v1,jitter_s010,gradient,2.64304,0.849,CLAIMABLE
v1,jitter_s010,gradient,2.64967,1.102,CLAIMABLE
v1,jitter_s010,gradient,2.64783,1.032,CLAIMABLE
v1,jitter_s010,gradient,2.64009,0.736,CLAIMABLE
v1,jitter_s010,gradient,2.65356,1.25,CLAIMABLE
v1,jitter_s010,gradient,2.64368,0.873,CLAIMABLE
v1,jitter_s010,gradient,2.65584,1.337,CLAIMABLE
v1,jitter_s010,gradient,2.64821,1.046,CLAIMABLE
v1,jitter_s0125,cmaes,2.64285,1.14,CLAIMABLE
v1,jitter_s0125,cmaes,2.65968,1.784,CLAIMABLE
v1,jitter_s0125,cmaes,2.65333,1.541,CLAIMABLE
v1,jitter_s0125,cmaes,2.65353,1.549,CLAIMABLE
v1,jitter_s0125,cmaes,2.63268,0.751,CLAIMABLE
v1,jitter_s0125,cmaes,2.64539,1.238,CLAIMABLE
v1,jitter_s0125,cmaes,2.63974,1.021,CLAIMABLE
v1,jitter_s0125,cmaes,2.65772,1.709,CLAIMABLE
v1,jitter_s0125,cmaes,2.63702,0.917,CLAIMABLE
v1,jitter_s0125,cmaes,2.63302,0.764,CLAIMABLE
v1,jitter_s0125,cmaes,2.64457,1.206,CLAIMABLE
v1,jitter_s0125,cmaes,2.63653,0.898,CLAIMABLE
v1,jitter_s0125,gradient,2.65923,1.767,CLAIMABLE
v1,jitter_s0125,gradient,2.64669,1.287,CLAIMABLE
v1,jitter_s0125,gradient,2.63655,0.899,CLAIMABLE
v1,jitter_s0125,gradient,2.64014,1.037,CLAIMABLE
v1,jitter_s0125,gradient,2.65203,1.491,CLAIMABLE
v1,jitter_s0125,gradient,2.63158,0.709,CLAIMABLE
v1,jitter_s0125,gradient,2.65099,1.452,CLAIMABLE
v1,jitter_s0125,gradient,2.65329,1.54,CLAIMABLE
v1,jitter_s015,cmaes,2.65221,1.867,CLAIMABLE
v1,jitter_s015,cmaes,2.65477,1.966,CLAIMABLE
v1,jitter_s015,cmaes,2.65941,2.144,CLAIMABLE
v1,jitter_s015,cmaes,2.66736,2.449,CLAIMABLE
v1,jitter_s015,cmaes,2.6385,1.341,CLAIMABLE
v1,jitter_s015,cmaes,2.644,1.552,CLAIMABLE
v1,jitter_s015,cmaes,2.64717,1.673,CLAIMABLE
v1,jitter_s015,cmaes,2.65473,1.964,CLAIMABLE
v1,jitter_s015,cmaes,2.62667,0.886,CLAIMABLE
v1,jitter_s015,gradient,2.65616,2.019,CLAIMABLE
v1,jitter_s015,cmaes,2.63861,1.345,CLAIMABLE
v1,jitter_s015,gradient,2.6579,2.086,CLAIMABLE
v1,jitter_s015,cmaes,2.63457,1.19,CLAIMABLE
v1,jitter_s015,cmaes,2.64536,1.604,CLAIMABLE
v1,jitter_s015,gradient,2.66578,2.389,CLAIMABLE
v1,jitter_s015,gradient,2.64142,1.453,CLAIMABLE
v1,jitter_s015,gradient,2.66615,2.403,CLAIMABLE
v1,jitter_s015,gradient,2.65224,1.868,CLAIMABLE
v1,jitter_s015,gradient,2.64202,1.476,CLAIMABLE
v1,jitter_s015,gradient,2.65062,1.806,CLAIMABLE
v1,radius_s015,cmaes,2.63153,1.234,CLAIMABLE
v1,radius_s015,cmaes,2.63562,1.391,CLAIMABLE
v1,radius_s015,cmaes,2.62916,1.143,CLAIMABLE
v1,radius_s015,cmaes,2.6449,1.748,CLAIMABLE
v1,radius_s015,cmaes,2.64065,1.585,CLAIMABLE
v1,radius_s015,cmaes,2.63857,1.505,CLAIMABLE
v1,radius_s015,cmaes,2.643,1.675,CLAIMABLE
v1,radius_s015,cmaes,2.64042,1.576,CLAIMABLE
v1,radius_s015,cmaes,2.63488,1.363,CLAIMABLE
v1,radius_s015,cmaes,2.64119,1.605,CLAIMABLE
v1,radius_s015,cmaes,2.63205,1.254,CLAIMABLE
v1,radius_s015,gradient,2.63475,1.358,CLAIMABLE
v1,radius_s015,gradient,2.64062,1.583,CLAIMABLE
v1,radius_s015,gradient,2.63065,1.2,CLAIMABLE
v1,radius_s015,cmaes,2.63038,1.189,CLAIMABLE
v1,radius_s015,gradient,2.64782,1.861,CLAIMABLE
v1,radius_s015,gradient,2.62521,0.991,CLAIMABLE
v1,radius_s015,gradient,2.63108,1.216,CLAIMABLE
v1,radius_s015,gradient,2.63466,1.354,CLAIMABLE
v1,radius_s015,gradient,2.63839,1.498,CLAIMABLE
v1,radius_s020,cmaes,2.64573,1.612,CLAIMABLE
v1,radius_s020,cmaes,2.64111,1.434,CLAIMABLE
v1,radius_s020,cmaes,2.6543,1.941,CLAIMABLE
v1,radius_s020,cmaes,2.64438,1.56,CLAIMABLE
v1,radius_s020,cmaes,2.66759,2.452,CLAIMABLE
v1,radius_s020,cmaes,2.64263,1.493,CLAIMABLE
v1,radius_s020,cmaes,2.63983,1.386,CLAIMABLE
v1,radius_s020,cmaes,2.63609,1.242,CLAIMABLE
v1,radius_s020,cmaes,2.63918,1.361,CLAIMABLE
v1,radius_s020,cmaes,2.64847,1.717,CLAIMABLE
v1,radius_s020,gradient,2.64072,1.42,CLAIMABLE
v1,radius_s020,gradient,2.65225,1.862,CLAIMABLE
v1,radius_s020,cmaes,2.6435,1.526,CLAIMABLE
v1,radius_s020,gradient,2.64553,1.604,CLAIMABLE
v1,radius_s020,cmaes,2.64306,1.509,CLAIMABLE
v1,radius_s020,gradient,2.64566,1.609,CLAIMABLE
v1,radius_s020,gradient,2.63689,1.272,CLAIMABLE
v1,radius_s020,gradient,2.66294,2.273,CLAIMABLE
v1,radius_s020,gradient,2.6361,1.242,CLAIMABLE
v1,radius_s020,gradient,2.63873,1.343,CLAIMABLE
v1,radius_s025,cmaes,2.64651,2.199,CLAIMABLE
v1,radius_s025,cmaes,2.6401,1.952,CLAIMABLE
v1,radius_s025,cmaes,2.63734,1.845,CLAIMABLE
v1,radius_s025,gradient,2.64009,1.951,CLAIMABLE
v1,radius_s025,cmaes,2.64088,1.982,CLAIMABLE
v1,radius_s025,cmaes,2.63648,1.812,CLAIMABLE
v1,radius_s025,cmaes,2.63725,1.841,CLAIMABLE
v1,radius_s025,cmaes,2.62844,1.501,CLAIMABLE
v1,radius_s025,cmaes,2.64546,2.159,CLAIMABLE
v1,radius_s025,cmaes,2.63965,1.934,CLAIMABLE
v1,radius_s025,cmaes,2.64486,2.135,CLAIMABLE
v1,radius_s025,gradient,2.64143,2.003,CLAIMABLE
v1,radius_s025,cmaes,2.65154,2.393,CLAIMABLE
v1,radius_s025,gradient,2.632,1.639,CLAIMABLE
v1,radius_s025,gradient,2.63902,1.91,CLAIMABLE
v1,radius_s025,gradient,2.63597,1.792,CLAIMABLE
v1,radius_s025,gradient,2.625,1.368,CLAIMABLE
v1,radius_s025,cmaes,2.63142,1.616,CLAIMABLE
v1,radius_s025,gradient,2.64602,2.18,CLAIMABLE
v1,radius_s025,gradient,2.63778,1.862,CLAIMABLE
v2,jitter_s006,cmaes,2.6391,0.885,CLAIMABLE
v2,jitter_s006,cmaes,2.64711,1.191,CLAIMABLE
v2,jitter_s006,cmaes,2.64915,1.269,CLAIMABLE
v2,jitter_s006,cmaes,2.64303,1.035,CLAIMABLE
v2,jitter_s006,cmaes,2.62777,0.452,CLAIMABLE
v2,jitter_s006,cmaes,2.6359,0.762,CLAIMABLE
v2,jitter_s006,cmaes,2.6335,0.671,CLAIMABLE
v2,jitter_s006,cmaes,2.63431,0.702,CLAIMABLE
v2,jitter_s006,cmaes,2.6376,0.827,CLAIMABLE
v2,jitter_s006,cmaes,2.64742,1.203,CLAIMABLE
v2,jitter_s006,cmaes,2.6304,0.552,CLAIMABLE
v2,jitter_s006,cmaes,2.63609,0.77,CLAIMABLE
v2,jitter_s006,gradient,2.64476,1.101,CLAIMABLE
v2,jitter_s006,gradient,2.6439,1.068,CLAIMABLE
v2,jitter_s006,gradient,2.65079,1.331,CLAIMABLE
v2,jitter_s006,gradient,2.63758,0.827,CLAIMABLE
v2,jitter_s006,gradient,2.62919,0.506,CLAIMABLE
v2,jitter_s006,gradient,2.64479,1.102,CLAIMABLE
v2,jitter_s006,gradient,2.63443,0.706,CLAIMABLE
v2,jitter_s006,gradient,2.63911,0.885,CLAIMABLE
v2,jitter_s008,cmaes,2.64227,0.699,CLAIMABLE
v2,jitter_s008,cmaes,2.6554,1.199,CLAIMABLE
v2,jitter_s008,cmaes,2.6515,1.051,CLAIMABLE
v2,jitter_s008,cmaes,2.6531,1.112,CLAIMABLE
v2,jitter_s008,cmaes,2.65044,1.01,CLAIMABLE
v2,jitter_s008,cmaes,2.63923,0.583,CLAIMABLE
v2,jitter_s008,cmaes,2.66163,1.437,CLAIMABLE
v2,jitter_s008,cmaes,2.64312,0.731,CLAIMABLE
v2,jitter_s008,cmaes,2.64126,0.661,CLAIMABLE
v2,jitter_s008,cmaes,2.64218,0.696,CLAIMABLE
v2,jitter_s008,cmaes,2.64553,0.823,CLAIMABLE
v2,jitter_s008,cmaes,2.64365,0.752,CLAIMABLE
v2,jitter_s008,gradient,2.64663,0.865,CLAIMABLE
v2,jitter_s008,gradient,2.65621,1.23,CLAIMABLE
v2,jitter_s008,gradient,2.64372,0.754,CLAIMABLE
v2,jitter_s008,gradient,2.64443,0.781,CLAIMABLE
v2,jitter_s008,gradient,2.66569,1.591,CLAIMABLE
v2,jitter_s008,gradient,2.64222,0.697,CLAIMABLE
v2,jitter_s008,gradient,2.65551,1.204,CLAIMABLE
v2,jitter_s008,gradient,2.63812,0.541,CLAIMABLE
v2,jitter_s010,cmaes,2.64155,0.792,CLAIMABLE
v2,jitter_s010,cmaes,2.65427,1.277,CLAIMABLE
v2,jitter_s010,cmaes,2.65167,1.178,CLAIMABLE
v2,jitter_s010,cmaes,2.65432,1.279,CLAIMABLE
v2,jitter_s010,cmaes,2.6316,0.412,CLAIMABLE
v2,jitter_s010,cmaes,2.65163,1.177,CLAIMABLE
v2,jitter_s010,cmaes,2.64693,0.997,CLAIMABLE
v2,jitter_s010,cmaes,2.66264,1.596,CLAIMABLE
v2,jitter_s010,cmaes,2.64555,0.944,CLAIMABLE
v2,jitter_s010,cmaes,2.65914,1.463,CLAIMABLE
v2,jitter_s010,cmaes,2.63496,0.54,CLAIMABLE
v2,jitter_s010,cmaes,2.64592,0.959,CLAIMABLE
v2,jitter_s010,gradient,2.65291,1.225,CLAIMABLE
v2,jitter_s010,gradient,2.65155,1.174,CLAIMABLE
v2,jitter_s010,gradient,2.65812,1.424,CLAIMABLE
v2,jitter_s010,gradient,2.64804,1.04,CLAIMABLE
v2,jitter_s010,gradient,2.64461,0.909,CLAIMABLE
v2,jitter_s010,gradient,2.65064,1.139,CLAIMABLE
v2,jitter_s010,gradient,2.63511,0.546,CLAIMABLE
v2,jitter_s010,gradient,2.64281,0.84,CLAIMABLE
v2,jitter_s0125,cmaes,2.65682,1.675,CLAIMABLE
v2,jitter_s0125,cmaes,2.64134,1.082,CLAIMABLE
v2,jitter_s0125,cmaes,2.6454,1.238,CLAIMABLE
v2,jitter_s0125,cmaes,2.63907,0.996,CLAIMABLE
v2,jitter_s0125,cmaes,2.64839,1.352,CLAIMABLE
v2,jitter_s0125,cmaes,2.6465,1.28,CLAIMABLE
v2,jitter_s0125,cmaes,2.64468,1.21,CLAIMABLE
v2,jitter_s0125,cmaes,2.64176,1.098,CLAIMABLE
v2,jitter_s0125,cmaes,2.64095,1.067,CLAIMABLE
v2,jitter_s0125,cmaes,2.64816,1.343,CLAIMABLE
v2,jitter_s0125,cmaes,2.66086,1.829,CLAIMABLE
v2,jitter_s0125,cmaes,2.62643,0.512,CLAIMABLE
v2,jitter_s0125,gradient,2.64492,1.22,CLAIMABLE
v2,jitter_s0125,gradient,2.656,1.643,CLAIMABLE
v2,jitter_s0125,gradient,2.64007,1.034,CLAIMABLE
v2,jitter_s0125,gradient,2.64989,1.409,CLAIMABLE
v2,jitter_s0125,gradient,2.64255,1.129,CLAIMABLE
v2,jitter_s0125,gradient,2.64065,1.056,CLAIMABLE
v2,jitter_s0125,gradient,2.6472,1.307,CLAIMABLE
v2,jitter_s0125,gradient,2.63902,0.993,CLAIMABLE
v2,jitter_s015,cmaes,2.6462,1.636,CLAIMABLE
v2,jitter_s015,cmaes,2.64489,1.586,CLAIMABLE
v2,jitter_s015,cmaes,2.66753,2.456,CLAIMABLE
v2,jitter_s015,cmaes,2.64493,1.588,CLAIMABLE
v2,jitter_s015,cmaes,2.65516,1.981,CLAIMABLE
v2,jitter_s015,cmaes,2.63293,1.127,CLAIMABLE
v2,jitter_s015,cmaes,2.64585,1.623,CLAIMABLE
v2,jitter_s015,cmaes,2.63114,1.058,CLAIMABLE
v2,jitter_s015,cmaes,2.65556,1.996,CLAIMABLE
v2,jitter_s015,cmaes,2.64846,1.723,CLAIMABLE
v2,jitter_s015,gradient,2.6508,1.813,CLAIMABLE
v2,jitter_s015,cmaes,2.62,0.63,CLAIMABLE
v2,jitter_s015,gradient,2.66699,2.435,CLAIMABLE
v2,jitter_s015,gradient,2.64727,1.677,CLAIMABLE
v2,jitter_s015,gradient,2.65622,2.021,CLAIMABLE
v2,jitter_s015,gradient,2.64357,1.535,CLAIMABLE
v2,jitter_s015,cmaes,2.64851,1.725,CLAIMABLE
v2,jitter_s015,gradient,2.63652,1.265,CLAIMABLE
v2,jitter_s015,gradient,2.64725,1.677,CLAIMABLE
v2,jitter_s015,gradient,2.65428,1.947,CLAIMABLE
v2,radius_s015,cmaes,2.65243,2.038,CLAIMABLE
v2,radius_s015,cmaes,2.65111,1.987,CLAIMABLE
v2,radius_s015,cmaes,2.6446,1.737,CLAIMABLE
v2,radius_s015,cmaes,2.64564,1.777,CLAIMABLE
v2,radius_s015,cmaes,2.65335,2.073,CLAIMABLE
v2,radius_s015,cmaes,2.65425,2.108,CLAIMABLE
v2,radius_s015,cmaes,2.64471,1.741,CLAIMABLE
v2,radius_s015,gradient,2.65471,2.126,CLAIMABLE
v2,radius_s015,cmaes,2.65043,1.961,CLAIMABLE
v2,radius_s015,gradient,2.64431,1.725,CLAIMABLE
v2,radius_s015,gradient,2.64438,1.728,CLAIMABLE
v2,radius_s015,gradient,2.65245,2.039,CLAIMABLE
v2,radius_s015,cmaes,2.64984,1.938,CLAIMABLE
v2,radius_s015,gradient,2.64617,1.797,CLAIMABLE
v2,radius_s015,gradient,2.64455,1.735,CLAIMABLE
v2,radius_s015,gradient,2.64872,1.895,CLAIMABLE
v2,radius_s015,gradient,2.64985,1.939,CLAIMABLE
v2,radius_s015,cmaes,2.64665,1.815,CLAIMABLE
v2,radius_s015,gradient,2.64666,1.816,CLAIMABLE
v2,radius_s015,cmaes,2.64631,1.803,CLAIMABLE
v2,radius_s020,cmaes,2.66399,2.313,CLAIMABLE
v2,radius_s020,cmaes,2.65861,2.107,CLAIMABLE
v2,radius_s020,cmaes,2.64858,1.722,CLAIMABLE
v2,radius_s020,cmaes,2.65278,1.883,CLAIMABLE
v2,radius_s020,cmaes,2.65373,1.919,CLAIMABLE
v2,radius_s020,cmaes,2.64711,1.665,CLAIMABLE
v2,radius_s020,cmaes,2.63982,1.385,CLAIMABLE
v2,radius_s020,cmaes,2.65118,1.821,CLAIMABLE
v2,radius_s020,gradient,2.66025,2.17,CLAIMABLE
v2,radius_s020,cmaes,2.64685,1.655,CLAIMABLE
v2,radius_s020,cmaes,2.65749,2.064,CLAIMABLE
v2,radius_s020,cmaes,2.65358,1.913,CLAIMABLE
v2,radius_s020,gradient,2.65864,2.108,CLAIMABLE
v2,radius_s020,cmaes,2.63391,1.158,CLAIMABLE
v2,radius_s020,gradient,2.6457,1.611,CLAIMABLE
v2,radius_s020,gradient,2.65098,1.814,CLAIMABLE
v2,radius_s020,gradient,2.65065,1.801,CLAIMABLE
v2,radius_s020,gradient,2.65013,1.781,CLAIMABLE
v2,radius_s020,gradient,2.64774,1.689,CLAIMABLE
v2,radius_s020,gradient,2.64737,1.675,CLAIMABLE
v2,radius_s025,cmaes,2.65518,2.534,CLAIMABLE
v2,radius_s025,cmaes,2.65644,2.582,CLAIMABLE
v2,radius_s025,cmaes,2.65249,2.43,CLAIMABLE
v2,radius_s025,cmaes,2.63608,1.796,CLAIMABLE
v2,radius_s025,cmaes,2.64988,2.329,CLAIMABLE
v2,radius_s025,cmaes,2.64279,2.055,CLAIMABLE
v2,radius_s025,cmaes,2.63255,1.66,CLAIMABLE
v2,radius_s025,gradient,2.65008,2.337,CLAIMABLE
v2,radius_s025,cmaes,2.64271,2.052,CLAIMABLE
v2,radius_s025,cmaes,2.65268,2.437,CLAIMABLE
v2,radius_s025,gradient,2.64986,2.328,CLAIMABLE
v2,radius_s025,cmaes,2.64104,1.988,CLAIMABLE
v2,radius_s025,cmaes,2.63841,1.886,CLAIMABLE
v2,radius_s025,cmaes,2.63552,1.775,CLAIMABLE
v2,radius_s025,gradient,2.64717,2.225,CLAIMABLE
v2,radius_s025,gradient,2.64591,2.176,CLAIMABLE
v2,radius_s025,gradient,2.6321,1.643,CLAIMABLE
v2,radius_s025,gradient,2.63841,1.886,CLAIMABLE
v2,radius_s025,gradient,2.65371,2.477,CLAIMABLE
v2,radius_s025,gradient,2.6336,1.701,CLAIMABLE
