wavelength_nm,irradiance_W_m2_nm,photon_flux
280,4.7309e-23,6.66845e-05
280.5,1.2307e-21,0.00173783
281,5.6895e-21,0.00804829
281.5,1.5662e-19,0.221947
282,1.1946e-18,1.69588
282.5,4.5436e-18,6.46163
283,1.8452e-17,26.2877
283.5,3.536e-17,50.4648
284,7.267e-16,1038.95
284.5,2.4856e-15,3559.89
285,8.0142e-15,11498.2
285.5,4.2613e-14,61245.1
286,1.3684e-13,197016
286.5,8.3823e-13,1.20896e+06
287,2.7367e-12,3.95396e+06
287.5,1.0903e-11,1.578e+07
288,6.2337e-11,9.03778e+07
288.5,1.7162e-10,2.49251e+08
289,5.6265e-10,8.18577e+08
289.5,2.0749e-09,3.02391e+09
290,6.0168e-09,8.78389e+09
290.5,1.3783e-08,2.01564e+10
291,3.5052e-08,5.13486e+10
291.5,1.0913e-07,1.60142e+11
292,2.683e-07,3.94391e+11
292.5,4.2685e-07,6.28528e+11
293,8.6466e-07,1.27537e+12
293.5,2.2707e-06,3.35499e+12
294,4.1744e-06,6.17824e+12
294.5,6.5911e-06,9.77162e+12
295,1.229e-05,1.82514e+13
295.5,2.7826e-05,4.13934e+13
296,4.7904e-05,7.13817e+13
296.5,7.1345e-05,1.06491e+14
297,9.68e-05,1.44729e+14
297.5,0.00018608,2.78683e+14
298,0.00028988,4.34868e+14
298.5,0.00035789,5.37796e+14
299,0.00049211,7.40724e+14
299.5,0.00086068,1.29766e+15
300,0.0010205,1.5412e+15
300.5,0.001245,1.88338e+15
301,0.00193,2.92447e+15
301.5,0.0026914,4.08497e+15
302,0.0029209,4.44065e+15
302.5,0.004284,6.52376e+15
303,0.0070945,1.08215e+16
303.5,0.0089795,1.37194e+16
304,0.0094701,1.44928e+16
304.5,0.011953,1.83226e+16
305,0.016463,2.52774e+16
305.5,0.018719,2.87884e+16
306,0.018577,2.86168e+16
306.5,0.021108,3.25687e+16
307,0.027849,4.30399e+16
307.5,0.035635,5.51626e+16
308,0.037837,5.86666e+16
308.5,0.04143,6.43418e+16
309,0.040534,6.30523e+16
309.5,0.043306,6.74733e+16
310,0.050939,7.94942e+16
310.5,0.06554,1.02445e+17
311,0.082922,1.29824e+17
311.5,0.08408,1.31848e+17
312,0.093376,1.4666e+17
312.5,0.098984,1.55718e+17
313,0.10733,1.69118e+17
313.5,0.10757,1.69766e+17
314,0.11969,1.89196e+17
314.5,0.1306,2.0677e+17
315,0.13625,2.16058e+17
315.5,0.11838,1.88019e+17
316,0.12348,1.9643e+17
316.5,0.15036,2.39568e+17
317,0.17158,2.7381e+17
317.5,0.18245,2.91616e+17
318,0.17594,2.81653e+17
318.5,0.18591,2.98082e+17
319,0.2047,3.28724e+17
319.5,0.19589,3.1507e+17
320,0.20527,3.30673e+17
320.5,0.24525,3.95695e+17
321,0.25024,4.04376e+17
321.5,0.23843,3.85891e+17
322,0.22203,3.59907e+17
322.5,0.21709,3.52446e+17
323,0.21226,3.45139e+17
323.5,0.24861,4.0487e+17
324,0.27537,4.49143e+17
324.5,0.28321,4.62644e+17
325,0.27894,4.5637e+17
325.5,0.32436,5.31498e+17
326,0.3812,6.25596e+17
326.5,0.40722,6.69323e+17
327,0.39806,6.55269e+17
327.5,0.38465,6.34162e+17
328,0.35116,5.79832e+17
328.5,0.37164,6.14584e+17
329,0.42235,6.99506e+17
329.5,0.46878,7.77585e+17
330,0.47139,7.83101e+17
330.5,0.428,7.12096e+17
331,0.40262,6.70883e+17
331.5,0.41806,6.97663e+17
332,0.43623,7.29083e+17
332.5,0.43919,7.35135e+17
333,0.42944,7.19896e+17
333.5,0.40724,6.83706e+17
334,0.41497,6.97728e+17
334.5,0.44509,7.49492e+17
335,0.46388,7.82301e+17
335.5,0.45313,7.65312e+17
336,0.41519,7.02279e+17
336.5,0.38214,6.47338e+17
337,0.3738,6.34151e+17
337.5,0.40051,6.80472e+17
338,0.43411,7.38652e+17
338.5,0.45527,7.75802e+17
339,0.46355,7.91078e+17
339.5,0.47446,8.10891e+17
340,0.5018,8.58881e+17
340.5,0.50071,8.58275e+17
341,0.47139,8.09204e+17
341.5,0.46935,8.06883e+17
342,0.48934,8.42481e+17
342.5,0.50767,8.75317e+17
343,0.51489,8.89062e+17
343.5,0.48609,8.40556e+17
344,0.41843,7.2461e+17
344.5,0.40307,6.99025e+17
345,0.45898,7.97143e+17
345.5,0.48932,8.51068e+17
346,0.47778,8.32199e+17
346.5,0.48657,8.48734e+17
347,0.49404,8.63008e+17
347.5,0.47674,8.33988e+17
348,0.47511,8.32332e+17
348.5,0.48336,8.48002e+17
349,0.46564,8.18086e+17
349.5,0.47805,8.41092e+17
350,0.52798,9.3027e+17
350.5,0.56741,1.00117e+18
351,0.55172,9.74875e+17
351.5,0.53022,9.3822e+17
352,0.51791,9.17741e+17
352.5,0.48962,8.68844e+17
353,0.5204,9.24773e+17
353.5,0.57228,1.01841e+18
354,0.60498,1.07812e+18
354.5,0.61156,1.09139e+18
355,0.6114,1.09264e+18
355.5,0.59028,1.05638e+18
356,0.55387,9.92616e+17
356.5,0.51942,9.32184e+17
357,0.45673,8.20826e+17
357.5,0.46215,8.3173e+17
358,0.43006,7.7506e+17
358.5,0.39926,7.20557e+17
359,0.46953,8.48557e+17
359.5,0.56549,1.0234e+18
360,0.59817,1.08405e+18
360.5,0.56531,1.02592e+18
361,0.52024,9.4544e+17
361.5,0.50956,9.27314e+17
362,0.5342,9.735e+17
362.5,0.5851,1.06773e+18
363,0.60191,1.09992e+18
363.5,0.58541,1.07124e+18
364,0.60628,1.11096e+18
364.5,0.60058,1.10203e+18
365,0.62359,1.14582e+18
365.5,0.68628,1.26273e+18
366,0.73532,1.35482e+18
366.5,0.73658,1.35899e+18
367,0.72285,1.33548e+18
367.5,0.70914,1.31194e+18
368,0.66759,1.23675e+18
368.5,0.6631,1.2301e+18
369,0.69315,1.28759e+18
369.5,0.74469,1.3852e+18
370,0.75507,1.40641e+18
370.5,0.68261,1.27316e+18
371,0.69338,1.295e+18
371.5,0.72051,1.34748e+18
372,0.67444,1.26302e+18
372.5,0.64253,1.20488e+18
373,0.61886,1.16205e+18
373.5,0.55786,1.04891e+18
374,0.5564,1.04757e+18
374.5,0.55227,1.04118e+18
375,0.5893,1.11248e+18
375.5,0.65162,1.23176e+18
376,0.6748,1.27728e+18
376.5,0.6639,1.25832e+18
377,0.71225,1.35175e+18
377.5,0.79455,1.50995e+18
378,0.85595,1.62878e+18
378.5,0.83418,1.58946e+18
379,0.74389,1.41929e+18
379.5,0.66683,1.27394e+18
380,0.70077,1.34055e+18
380.5,0.75075,1.43805e+18
381,0.76383,1.46502e+18
381.5,0.68837,1.32202e+18
382,0.58678,1.1284e+18
382.5,0.50762,9.77448e+17
383,0.45499,8.77251e+17
383.5,0.44049,8.50403e+17
384,0.50968,9.85263e+17
384.5,0.61359,1.18768e+18
385,0.67355,1.30543e+18
385.5,0.64363,1.24906e+18
386,0.621,1.20671e+18
386.5,0.6457,1.25633e+18
387,0.65147,1.2692e+18
387.5,0.64204,1.25244e+18
388,0.63582,1.24191e+18
388.5,0.63136,1.23478e+18
389,0.68543,1.34226e+18
389.5,0.7597,1.48961e+18
390,0.79699,1.56474e+18
390.5,0.80371,1.57995e+18
391,0.85138,1.6758e+18
391.5,0.86344,1.70172e+18
392,0.79493,1.56869e+18
392.5,0.66257,1.30917e+18
393,0.47975,9.49141e+17
393.5,0.38152,7.55762e+17
394,0.49567,9.83133e+17
394.5,0.68385,1.3581e+18
395,0.80772,1.60613e+18
395.5,0.86038,1.71301e+18
396,0.75655,1.50819e+18
396.5,0.55017,1.09815e+18
397,0.42619,8.5176e+17
397.5,0.62945,1.25957e+18
398,0.85249,1.70803e+18
398.5,1.0069,2.01994e+18
399,1.0693,2.14781e+18
399.5,1.1021,2.21647e+18
400,1.1141,2.2434e+18
401,1.1603,2.34228e+18
402,1.2061,2.4408e+18
403,1.1613,2.35599e+18
404,1.1801,2.40007e+18
405,1.1511,2.34688e+18
406,1.1227,2.29463e+18
407,1.1026,2.2591e+18
408,1.1514,2.36488e+18
409,1.2299,2.53231e+18
410,1.0485,2.16409e+18
411,1.1738,2.42862e+18
412,1.2478,2.58801e+18
413,1.1971,2.48888e+18
414,1.1842,2.46802e+18
415,1.2258,2.56089e+18
416,1.2624,2.64371e+18
417,1.2312,2.58457e+18
418,1.1777,2.47819e+18
419,1.2258,2.58557e+18
420,1.1232,2.37481e+18
421,1.2757,2.70367e+18
422,1.2583,2.67313e+18
423,1.2184,2.5945e+18
424,1.2117,2.58633e+18
425,1.2488,2.67181e+18
426,1.2135,2.60239e+18
427,1.1724,2.52015e+18
428,1.1839,2.55083e+18
429,1.0963,2.36761e+18
430,0.87462,1.89326e+18
431,0.79394,1.72262e+18
432,1.3207,2.87218e+18
433,1.2288,2.6785e+18
434,1.1352,2.48019e+18
435,1.2452,2.72679e+18
436,1.3659,2.99798e+18
437,1.3943,3.06733e+18
438,1.2238,2.69841e+18
439,1.1775,2.60225e+18
440,1.3499,2.99004e+18
441,1.3313,2.95555e+18
442,1.425,3.17074e+18
443,1.4453,3.22318e+18
444,1.4084,3.14798e+18
445,1.4619,3.27492e+18
446,1.3108,2.94303e+18
447,1.4903,3.35355e+18
448,1.5081,3.40119e+18
449,1.5045,3.40065e+18
450,1.5595,3.53282e+18
451,1.6173,3.6719e+18
452,1.5482,3.52281e+18
453,1.4297,3.26037e+18
454,1.5335,3.5048e+18
455,1.5224,3.48709e+18
456,1.5724,3.60953e+18
457,1.5854,3.64736e+18
458,1.5514,3.57695e+18
459,1.5391,3.55634e+18
460,1.5291,3.54093e+18
461,1.5827,3.67302e+18
462,1.5975,3.7154e+18
463,1.6031,3.7365e+18
464,1.5544,3.63081e+18
465,1.535,3.59323e+18
466,1.5673,3.67673e+18
467,1.4973,3.52005e+18
468,1.5619,3.67978e+18
469,1.5682,3.70252e+18
470,1.5077,3.56727e+18
471,1.5331,3.63509e+18
472,1.6126,3.8317e+18
473,1.5499,3.69052e+18
474,1.5671,3.73937e+18
475,1.6185,3.87017e+18
476,1.5631,3.74556e+18
477,1.5724,3.77576e+18
478,1.623,3.90544e+18
479,1.5916,3.83789e+18
480,1.6181,3.90994e+18
481,1.6177,3.91712e+18
482,1.6236,3.93958e+18
483,1.6038,3.8996e+18
484,1.5734,3.83361e+18
485,1.5683,3.82908e+18
486,1.2716,3.11107e+18
487,1.4241,3.49134e+18
488,1.5413,3.78643e+18
489,1.4519,3.57412e+18
490,1.6224,4.002e+18
491,1.5595,3.8547e+18
492,1.4869,3.68273e+18
493,1.5903,3.94684e+18
494,1.5525,3.86084e+18
495,1.6485,4.10788e+18
496,1.5676,3.91418e+18
497,1.5944,3.98912e+18
498,1.5509,3.88809e+18
499,1.5507,3.8954e+18
500,1.5451,3.88911e+18
501,1.4978,3.77759e+18
502,1.4966,3.7821e+18
503,1.5653,3.96359e+18
504,1.4587,3.70101e+18
505,1.5635,3.97478e+18
506,1.6264,4.14287e+18
507,1.556,3.97137e+18
508,1.5165,3.87819e+18
509,1.5893,4.07237e+18
510,1.5481,3.97459e+18
511,1.5769,4.05647e+18
512,1.6186,4.17189e+18
513,1.5206,3.92695e+18
514,1.4885,3.85155e+18
515,1.5314,3.97026e+18
516,1.5455,4.0146e+18
517,1.2594,3.27776e+18
518,1.4403,3.75583e+18
519,1.3957,3.64655e+18
520,1.5236,3.98839e+18
521,1.5346,4.02491e+18
522,1.569,4.12303e+18
523,1.4789,3.89371e+18
524,1.5905,4.19554e+18
525,1.5781,4.17078e+18
526,1.5341,4.06221e+18
527,1.3417,3.5595e+18
528,1.5357,4.08191e+18
529,1.6071,4.27978e+18
530,1.5446,4.12112e+18
531,1.6292,4.35504e+18
532,1.5998,4.2845e+18
533,1.4286,3.8332e+18
534,1.5302,4.11351e+18
535,1.5535,4.18397e+18
536,1.6199,4.37095e+18
537,1.4989,4.05201e+18
538,1.5738,4.26241e+18
539,1.5352,4.1656e+18
540,1.4825,4.03006e+18
541,1.4251,3.8812e+18
542,1.5511,4.23216e+18
543,1.5256,4.17027e+18
544,1.5792,4.32473e+18
545,1.5435,4.23474e+18
546,1.5291,4.20293e+18
547,1.549,4.26542e+18
548,1.5049,4.15156e+18
549,1.552,4.28931e+18
550,1.5399,4.26362e+18
551,1.5382,4.26666e+18
552,1.5697,4.36193e+18
553,1.525,4.2454e+18
554,1.5549,4.33646e+18
555,1.5634,4.36804e+18
556,1.5366,4.3009e+18
557,1.4988,4.20264e+18
558,1.531,4.30064e+18
559,1.4483,4.07562e+18
560,1.474,4.15536e+18
561,1.5595,4.40424e+18
562,1.4847,4.20047e+18
563,1.5408,4.36695e+18
564,1.5106,4.28896e+18
565,1.5201,4.32358e+18
566,1.4374,4.0956e+18
567,1.532,4.37286e+18
568,1.518,4.34054e+18
569,1.4807,4.24134e+18
570,1.4816,4.25137e+18
571,1.4331,4.11942e+18
572,1.5134,4.35786e+18
573,1.5198,4.38394e+18
574,1.5119,4.36876e+18
575,1.4777,4.27738e+18
576,1.4654,4.24915e+18
577,1.5023,4.36371e+18
578,1.456,4.23655e+18
579,1.477,4.30509e+18
580,1.502,4.38552e+18
581,1.5089,4.41326e+18
582,1.532,4.48854e+18
583,1.5479,4.54292e+18
584,1.5448,4.5416e+18
585,1.5324,4.51285e+18
586,1.4953,4.41112e+18
587,1.5281,4.51558e+18
588,1.4934,4.42055e+18
589,1.2894,3.82319e+18
590,1.3709,4.07175e+18
591,1.4662,4.36218e+18
592,1.4354,4.27778e+18
593,1.4561,4.3468e+18
594,1.4491,4.33319e+18
595,1.4308,4.28567e+18
596,1.4745,4.42399e+18
597,1.4788,4.44434e+18
598,1.4607,4.39729e+18
599,1.4606,4.40435e+18
600,1.4753,4.4561e+18
601,1.4579,4.41088e+18
602,1.436,4.35185e+18
603,1.4664,4.45136e+18
604,1.4921,4.53689e+18
605,1.4895,4.53648e+18
606,1.4822,4.52171e+18
607,1.4911,4.55637e+18
608,1.4862,4.54888e+18
609,1.4749,4.52171e+18
610,1.4686,4.50979e+18
611,1.4611,4.49412e+18
612,1.4831,4.56925e+18
613,1.4621,4.51191e+18
614,1.4176,4.38173e+18
615,1.4697,4.55016e+18
616,1.431,4.43755e+18
617,1.4128,4.38823e+18
618,1.4664,4.56209e+18
619,1.4733,4.59098e+18
620,1.4739,4.60027e+18
621,1.4802,4.62738e+18
622,1.4269,4.46794e+18
623,1.4165,4.4425e+18
624,1.4118,4.43487e+18
625,1.4026,4.41303e+18
626,1.4012,4.41568e+18
627,1.4417,4.55057e+18
628,1.3631,4.30934e+18
629,1.4114,4.46914e+18
630,1.3924,4.41599e+18
631,1.4161,4.49828e+18
632,1.3638,4.33901e+18
633,1.4508,4.62311e+18
634,1.4284,4.55892e+18
635,1.4458,4.62174e+18
636,1.4128,4.52336e+18
637,1.461,4.68504e+18
638,1.4707,4.72354e+18
639,1.4646,4.71133e+18
640,1.434,4.62011e+18
641,1.4348,4.62991e+18
642,1.4376,4.64618e+18
643,1.4525,4.70165e+18
644,1.4462,4.68854e+18
645,1.4567,4.72991e+18
646,1.415,4.60164e+18
647,1.4086,4.58791e+18
648,1.3952,4.55129e+18
649,1.3519,4.41685e+18
650,1.3594,4.4482e+18
651,1.4447,4.73458e+18
652,1.3871,4.5528e+18
653,1.4311,4.70442e+18
654,1.4153,4.65961e+18
655,1.3499,4.45109e+18
656,1.1851,3.91365e+18
657,1.2393,4.09888e+18
658,1.3855,4.5894e+18
659,1.3905,4.61296e+18
660,1.3992,4.64887e+18
661,1.3933,4.63628e+18
662,1.3819,4.6053e+18
663,1.3844,4.6206e+18
664,1.3967,4.66868e+18
665,1.4214,4.7584e+18
666,1.4203,4.76187e+18
667,1.4102,4.73511e+18
668,1.415,4.75835e+18
669,1.4394,4.84765e+18
670,1.4196,4.78811e+18
671,1.4169,4.78614e+18
672,1.3972,4.72662e+18
673,1.4094,4.77499e+18
674,1.4074,4.7753e+18
675,1.3958,4.74297e+18
676,1.412,4.80512e+18
677,1.3991,4.76827e+18
678,1.4066,4.80091e+18
679,1.3947,4.76732e+18
680,1.3969,4.78187e+18
681,1.3915,4.77039e+18
682,1.3981,4.80005e+18
683,1.383,4.75517e+18
684,1.3739,4.7308e+18
685,1.3748,4.74082e+18
686,1.3438,4.64068e+18
687,0.96824,3.3486e+18
688,1.1206,3.88117e+18
689,1.1278,3.91178e+18
690,1.1821,4.10607e+18
691,1.2333,4.29013e+18
692,1.2689,4.42035e+18
693,1.2609,4.39883e+18
694,1.2464,4.35452e+18
695,1.2714,4.44826e+18
696,1.2684,4.44415e+18
697,1.3403,4.70282e+18
698,1.3192,4.63542e+18
699,1.2918,4.54565e+18
700,1.2823,4.51867e+18
701,1.2659,4.46725e+18
702,1.2674,4.47893e+18
703,1.2747,4.51114e+18
704,1.3078,4.63487e+18
705,1.3214,4.68972e+18
706,1.3144,4.67149e+18
707,1.309,4.65889e+18
708,1.3048,4.65051e+18
709,1.3095,4.67385e+18
710,1.3175,4.70904e+18
711,1.3155,4.70851e+18
712,1.3071,4.68503e+18
713,1.2918,4.63669e+18
714,1.3029,4.68309e+18
715,1.2587,4.53056e+18
716,1.2716,4.58339e+18
717,1.1071,3.99604e+18
718,1.0296,3.72148e+18
719,0.92318,3.34148e+18
720,0.9855,3.57201e+18
721,1.0861,3.94211e+18
722,1.2407,4.50949e+18
723,1.1444,4.16523e+18
724,1.0555,3.84698e+18
725,1.038,3.78842e+18
726,1.0813,3.9519e+18
727,1.085,3.97089e+18
728,1.04,3.81143e+18
729,1.0466,3.84089e+18
730,1.1285,4.14713e+18
731,1.0703,3.93864e+18
732,1.1534,4.25025e+18
733,1.1962,4.41399e+18
734,1.2357,4.56596e+18
735,1.2178,4.50595e+18
736,1.2059,4.46799e+18
737,1.2039,4.46664e+18
738,1.2269,4.55815e+18
739,1.1905,4.42891e+18
740,1.2195,4.54294e+18
741,1.2148,4.53154e+18
742,1.2153,4.53953e+18
743,1.2405,4.6399e+18
744,1.2503,4.68285e+18
745,1.2497,4.6869e+18
746,1.247,4.68305e+18
747,1.2477,4.69196e+18
748,1.2401,4.66962e+18
749,1.2357,4.65927e+18
750,1.2341,4.65945e+18
751,1.2286,4.64487e+18
752,1.233,4.66771e+18
753,1.2266,4.64966e+18
754,1.242,4.71429e+18
755,1.2383,4.70648e+18
756,1.2232,4.65524e+18
757,1.2221,4.65721e+18
758,1.2295,4.6916e+18
759,1.1945,4.56406e+18
760,0.26604,1.01785e+18
761,0.15396,5.89815e+17
762,0.68766,2.63786e+18
763,0.37952,1.45775e+18
764,0.53878,2.07218e+18
765,0.68601,2.64189e+18
766,0.81461,3.14124e+18
767,0.97417,3.76143e+18
768,1.1138,4.30618e+18
769,1.1278,4.36598e+18
770,1.1608,4.49957e+18
771,1.1686,4.53569e+18
772,1.1778,4.57733e+18
773,1.1771,4.58053e+18
774,1.1771,4.58646e+18
775,1.1771,4.59238e+18
776,1.1798,4.60886e+18
777,1.1727,4.58703e+18
778,1.1713,4.58745e+18
779,1.1765,4.61374e+18
780,1.1636,4.569e+18
781,1.1607,4.56346e+18
782,1.1662,4.59096e+18
783,1.1614,4.57791e+18
784,1.1536,4.55297e+18
785,1.1586,4.57853e+18
786,1.1592,4.58674e+18
787,1.145,4.53632e+18
788,1.1305,4.48456e+18
789,1.1257,4.47119e+18
790,1.091,4.33886e+18
791,1.1058,4.40328e+18
792,1.0953,4.36698e+18
793,1.0875,4.34136e+18
794,1.0972,4.38561e+18
795,1.0932,4.37512e+18
796,1.0742,4.30449e+18
797,1.0913,4.3785e+18
798,1.1121,4.46756e+18
799,1.0905,4.38627e+18
800,1.0725,4.31927e+18
801,1.0843,4.37225e+18
802,1.0856,4.38296e+18
803,1.0657,4.30798e+18
804,1.0782,4.36394e+18
805,1.0545,4.27332e+18
806,1.0974,4.4527e+18
807,1.0859,4.4115e+18
808,1.0821,4.40151e+18
809,1.0548,4.29578e+18
810,1.0559,4.30557e+18
811,1.0533,4.30028e+18
812,1.0268,4.19725e+18
813,1.0086,4.12793e+18
814,0.90356,3.70258e+18
815,0.89523,3.67295e+18
816,0.83216,3.41838e+18
817,0.85183,3.50347e+18
818,0.82259,3.38735e+18
819,0.90519,3.73204e+18
820,0.86188,3.55782e+18
821,0.99764,4.12326e+18
822,0.95157,3.93764e+18
823,0.67271,2.78709e+18
824,0.93506,3.87873e+18
825,0.96935,4.02585e+18
826,0.93381,3.88295e+18
827,0.98465,4.09931e+18
828,0.84979,3.54214e+18
829,0.9293,3.87823e+18
830,0.91601,3.82738e+18
831,0.92392,3.86508e+18
832,0.89426,3.7455e+18
833,0.9565,4.011e+18
834,0.93412,3.92186e+18
835,1.0032,4.21694e+18
836,0.97234,4.09211e+18
837,1.0092,4.25232e+18
838,0.99901,4.21441e+18
839,1.0013,4.22912e+18
840,1.0157,4.29505e+18
841,1.0101,4.27645e+18
842,0.99703,4.22614e+18
843,1.0053,4.26625e+18
844,0.98631,4.19063e+18
845,1.0165,4.32402e+18
846,1.0187,4.3385e+18
847,0.9917,4.22851e+18
848,0.99217,4.2355e+18
849,0.98596,4.21396e+18
850,0.89372,3.82423e+18
851,0.97493,4.17663e+18
852,0.96927,4.15726e+18
853,0.96486,4.14321e+18
854,0.85112,3.65908e+18
855,0.913,3.92971e+18
856,0.97317,4.19359e+18
857,0.99166,4.27826e+18
858,0.99196,4.28454e+18
859,0.99171,4.28846e+18
860,0.98816,4.27808e+18
861,0.98679,4.27712e+18
862,0.99449,4.3155e+18
863,1.0005,4.34662e+18
864,0.97916,4.25883e+18
865,0.96324,4.19444e+18
866,0.849,3.70125e+18
867,0.91546,3.9956e+18
868,0.9592,4.19133e+18
869,0.94956,4.15399e+18
870,0.96755,4.23756e+18
871,0.95387,4.18245e+18
872,0.96686,4.24427e+18
873,0.95721,4.20673e+18
874,0.94042,4.13768e+18
875,0.92687,4.08272e+18
876,0.95277,4.20161e+18
877,0.95615,4.22133e+18
878,0.95237,4.20943e+18
879,0.93656,4.14427e+18
880,0.93957,4.16232e+18
881,0.90861,4.02974e+18
882,0.93245,4.14016e+18
883,0.92927,4.13072e+18
884,0.93305,4.15222e+18
885,0.94423,4.20673e+18
886,0.90752,4.04774e+18
887,0.91062,4.06616e+18
888,0.92228,4.12286e+18
889,0.93455,4.18242e+18
890,0.92393,4.13954e+18
891,0.92584,4.15276e+18
892,0.90881,4.08095e+18
893,0.87327,3.92576e+18
894,0.8513,3.83128e+18
895,0.81357,3.66557e+18
896,0.76253,3.43944e+18
897,0.66566,3.00586e+18
898,0.7178,3.24491e+18
899,0.54871,2.48328e+18
900,0.7426,3.3645e+18
901,0.59933,2.7184e+18
902,0.66791,3.03283e+18
903,0.68889,3.13156e+18
904,0.84457,3.8435e+18
905,0.81709,3.72256e+18
906,0.77558,3.53735e+18
907,0.63854,2.91554e+18
908,0.65217,2.98106e+18
909,0.70431,3.22293e+18
910,0.62467,2.86164e+18
911,0.66808,3.06387e+18
912,0.68893,3.16296e+18
913,0.62834,2.88794e+18
914,0.62649,2.8826e+18
915,0.67836,3.12467e+18
916,0.57646,2.6582e+18
917,0.73017,3.37067e+18
918,0.59271,2.7391e+18
919,0.73877,3.41781e+18
920,0.74414,3.4464e+18
921,0.78049,3.61868e+18
922,0.70026,3.25023e+18
923,0.74504,3.46182e+18
924,0.7215,3.35607e+18
925,0.7111,3.31128e+18
926,0.70331,3.27854e+18
927,0.78742,3.6746e+18
928,0.58968,2.75478e+18
929,0.55127,2.57812e+18
930,0.4321,2.02298e+18
931,0.40921,1.91787e+18
932,0.30086,1.41157e+18
933,0.24841,1.16674e+18
934,0.1438,6.76128e+17
935,0.25084,1.18068e+18
936,0.16142,7.606e+17
937,0.16338,7.70658e+17
938,0.20058,9.47139e+17
939,0.39887,1.88547e+18
940,0.47181,2.23264e+18
941,0.37195,1.76197e+18
942,0.40532,1.92208e+18
943,0.27834,1.32133e+18
944,0.28579,1.35813e+18
945,0.36821,1.75166e+18
946,0.19461,9.26786e+17
947,0.37112,1.76924e+18
948,0.27423,1.30872e+18
949,0.49396,2.35983e+18
950,0.14726,7.04258e+17
951,0.48378,2.31607e+18
952,0.26891,1.28875e+18
953,0.34362,1.64852e+18
954,0.42411,2.03681e+18
955,0.34117,1.6402e+18
956,0.32821,1.57955e+18
957,0.27067,1.30399e+18
958,0.46101,2.2233e+18
959,0.37385,1.80484e+18
960,0.42066,2.03294e+18
961,0.4612,2.23119e+18
962,0.44174,2.13927e+18
963,0.50503,2.44831e+18
964,0.4586,2.22554e+18
965,0.50374,2.44713e+18
966,0.50275,2.44485e+18
967,0.5024,2.44568e+18
968,0.6521,3.1777e+18
969,0.68622,3.34742e+18
970,0.63461,3.09886e+18
971,0.71397,3.48998e+18
972,0.68765,3.36478e+18
973,0.60648,2.97066e+18
974,0.57529,2.82078e+18
975,0.58987,2.89524e+18
976,0.57191,2.80996e+18
977,0.63864,3.14104e+18
978,0.61509,3.02831e+18
979,0.63815,3.14506e+18
980,0.60468,2.98315e+18
981,0.71338,3.523e+18
982,0.69218,3.42179e+18
983,0.66865,3.30884e+18
984,0.73732,3.65237e+18
985,0.68817,3.41236e+18
986,0.75083,3.72685e+18
987,0.73928,3.67324e+18
988,0.73462,3.65378e+18
989,0.74906,3.72938e+18
990,0.73227,3.64947e+18
991,0.75358,3.75947e+18
992,0.75102,3.75048e+18
993,0.73728,3.68557e+18
994,0.7541,3.77345e+18
995,0.75176,3.76552e+18
996,0.74884,3.75467e+18
997,0.73971,3.71262e+18
998,0.73887,3.71212e+18
999,0.73857,3.71433e+18
1000,0.73532,3.70169e+18
1001,0.74442,3.75124e+18
1002,0.72805,3.67242e+18
1003,0.73442,3.70825e+18
1004,0.72336,3.65604e+18
1005,0.68174,3.44912e+18
1006,0.71252,3.60843e+18
1007,0.72753,3.68811e+18
1008,0.72685,3.68832e+18
1009,0.71972,3.65576e+18
1010,0.71914,3.65644e+18
1011,0.72278,3.67858e+18
1012,0.71877,3.66179e+18
1013,0.71761,3.6595e+18
1014,0.72068,3.67878e+18
1015,0.70817,3.61848e+18
1016,0.71129,3.63801e+18
1017,0.70337,3.60104e+18
1018,0.71422,3.66018e+18
1019,0.68878,3.53328e+18
1020,0.69896,3.58902e+18
1021,0.70175,3.60688e+18
1022,0.6897,3.54842e+18
1023,0.69508,3.57959e+18
1024,0.69058,3.5599e+18
1025,0.69753,3.59923e+18
1026,0.69636,3.5967e+18
1027,0.69305,3.5831e+18
1028,0.69385,3.59072e+18
1029,0.68628,3.555e+18
1030,0.69055,3.5806e+18
1031,0.68736,3.56752e+18
1032,0.68787,3.57363e+18
1033,0.67613,3.51604e+18
1034,0.68015,3.54037e+18
1035,0.68234,3.5552e+18
1036,0.68202,3.55697e+18
1037,0.67497,3.5236e+18
1038,0.67172,3.51001e+18
1039,0.67636,3.53766e+18
1040,0.6717,3.51667e+18
1041,0.67176,3.52037e+18
1042,0.672,3.52501e+18
1043,0.66525,3.49295e+18
1044,0.66833,3.51249e+18
1045,0.66452,3.49581e+18
1046,0.64714,3.40764e+18
1047,0.65694,3.46255e+18
1048,0.66274,3.49645e+18
1049,0.65896,3.47983e+18
1050,0.65463,3.46026e+18
1051,0.65521,3.46662e+18
1052,0.65118,3.44858e+18
1053,0.64919,3.44131e+18
1054,0.64646,3.43009e+18
1055,0.64847,3.44402e+18
1056,0.64641,3.43633e+18
1057,0.64482,3.43113e+18
1058,0.63818,3.39901e+18
1059,0.61875,3.29864e+18
1060,0.63585,3.393e+18
1061,0.62121,3.318e+18
1062,0.63266,3.38235e+18
1063,0.62239,3.33057e+18
1064,0.63196,3.38497e+18
1065,0.62913,3.37298e+18
1066,0.61713,3.31175e+18
1067,0.62032,3.33199e+18
1068,0.61944,3.33038e+18
1069,0.58626,3.15494e+18
1070,0.60469,3.25717e+18
1071,0.61661,3.32448e+18
1072,0.61536,3.32084e+18
1073,0.60363,3.26057e+18
1074,0.62158,3.36066e+18
1075,0.59252,3.20653e+18
1076,0.61471,3.3297e+18
1077,0.60434,3.27658e+18
1078,0.60321,3.27349e+18
1079,0.60474,3.28483e+18
1080,0.59722,3.24699e+18
1081,0.58083,3.16081e+18
1082,0.5894,3.21041e+18
1083,0.59814,3.26103e+18
1084,0.57852,3.15697e+18
1085,0.5933,3.24061e+18
1086,0.5541,3.02929e+18
1087,0.56697,3.10251e+18
1088,0.59317,3.24886e+18
1089,0.57919,3.17521e+18
1090,0.55573,3.04939e+18
1091,0.58835,3.23135e+18
1092,0.58124,3.19522e+18
1093,0.51058,2.80936e+18
1094,0.53965,2.97203e+18
1095,0.52067,2.87012e+18
1096,0.50323,2.77652e+18
1097,0.57852,3.19483e+18
1098,0.50291,2.77982e+18
1099,0.50772,2.80896e+18
1100,0.48577,2.68996e+18
1101,0.49696,2.75443e+18
1102,0.46883,2.60088e+18
1103,0.46637,2.58958e+18
1104,0.46765,2.59904e+18
1105,0.50644,2.81717e+18
1106,0.39792,2.21551e+18
1107,0.48304,2.69187e+18
1108,0.41565,2.31841e+18
1109,0.41278,2.30448e+18
1110,0.47899,2.67653e+18
1111,0.33154,1.85427e+18
1112,0.41357,2.31514e+18
1113,0.2685,1.5044e+18
1114,0.29985,1.68156e+18
1115,0.24987,1.40253e+18
1116,0.20136,1.13126e+18
1117,0.079618,4.47701e+17
1118,0.21753,1.22429e+18
1119,0.11317,6.37507e+17
1120,0.14189,8.00006e+17
1121,0.18586,1.04885e+18
1122,0.081686,4.61385e+17
1123,0.12817,7.24585e+17
1124,0.1087,6.15062e+17
1125,0.14428,8.17113e+17
1126,0.051589,2.92428e+17
1127,0.15725,8.9215e+17
1128,0.099224,5.63442e+17
1129,0.10591,6.01941e+17
1130,0.070574,4.01464e+17
1131,0.2956,1.68302e+18
1132,0.23411,1.3341e+18
1133,0.15331,8.74427e+17
1134,0.04174,2.38281e+17
1135,0.015462,8.83456e+16
1136,0.12876,7.36347e+17
1137,0.28785,1.64759e+18
1138,0.20329,1.16461e+18
1139,0.2985,1.71156e+18
1140,0.25599,1.4691e+18
1141,0.19337,1.1107e+18
1142,0.22479,1.29231e+18
1143,0.31183,1.79427e+18
1144,0.11326,6.52268e+17
1145,0.14604,8.41784e+17
1146,0.15764,9.0944e+17
1147,0.059176,3.4169e+17
1148,0.27113,1.5669e+18
1149,0.21854,1.26408e+18
1150,0.12164,7.04202e+17
1151,0.2034,1.17855e+18
1152,0.24762,1.43602e+18
1153,0.23812,1.38213e+18
1154,0.14248,8.27719e+17
1155,0.31316,1.82084e+18
1156,0.2809,1.63468e+18
1157,0.31458,1.83226e+18
1158,0.31171,1.81712e+18
1159,0.33693,1.96583e+18
1160,0.28648,1.67292e+18
1161,0.34753,2.03118e+18
1162,0.35002,2.04749e+18
1163,0.46857,2.74333e+18
1164,0.40188,2.3549e+18
1165,0.3886,2.27904e+18
1166,0.37494,2.20082e+18
1167,0.40996,2.40844e+18
1168,0.41954,2.46683e+18
1169,0.4231,2.48989e+18
1170,0.45873,2.70188e+18
1171,0.44831,2.64276e+18
1172,0.45483,2.68349e+18
1173,0.45642,2.69517e+18
1174,0.33692,1.99122e+18
1175,0.4524,2.67598e+18
1176,0.47679,2.82266e+18
1177,0.47235,2.79875e+18
1178,0.36,2.13487e+18
1179,0.48371,2.87093e+18
1180,0.44069,2.61781e+18
1181,0.45514,2.70594e+18
1182,0.32318,1.92303e+18
1183,0.4387,2.61262e+18
1184,0.41985,2.50247e+18
1185,0.40741,2.43038e+18
1186,0.47715,2.84881e+18
1187,0.45575,2.72333e+18
1188,0.33504,2.00372e+18
1189,0.41569,2.48814e+18
1190,0.46239,2.76999e+18
1191,0.4466,2.67765e+18
1192,0.47336,2.84048e+18
1193,0.45434,2.72863e+18
1194,0.4689,2.81843e+18
1195,0.44696,2.68881e+18
1196,0.43131,2.59683e+18
1197,0.47715,2.87523e+18
1198,0.43392,2.61692e+18
1199,0.36489,2.20244e+18
1200,0.44825,2.70785e+18
